#54044870BCSV 	// AQ6370C OPTICAL SPECTRUM ANALYZER //                 
25
"CTRWL",1553.500000
"SPAN",  13.000000
"START WL",1547.000000
"STOP WL",1560.000000
"WLFREQ", 0
"REFL", +3.0
"LSCL",10.0
"RESLN",0.100
"AVG",   1
"SMPLAUTO",      0
"SMPL",       2000
"SMPLINTVL",0.0065
"HIGH1"
"MEAS"
"LSUNT",0
"NMSKH","OFF"
"RESCOR",0
"SMOOTH",0
"FIBERTYPE",1
"MEASWL",0
"SWPSPD",1
"RESPARM", 9435
"FREQPARM", 9435


"[TRACE DATA]"
1547.0000, -88.806
1547.0065, -76.396
1547.0130, -74.815
1547.0195, -79.980
1547.0260, -78.461
1547.0325, -77.689
1547.0390, -78.726
1547.0455, -77.977
1547.0520, -74.992
1547.0585, -79.993
1547.0650, -77.109
1547.0715, -76.104
1547.0780, -74.999
1547.0845, -75.379
1547.0910, -78.487
1547.0975, -76.957
1547.1041, -76.784
1547.1106, -80.144
1547.1171, -76.206
1547.1236, -77.334
1547.1301, -76.965
1547.1366, -77.320
1547.1431, -76.462
1547.1496, -82.688
1547.1561, -75.307
1547.1626, -82.005
1547.1691, -80.795
1547.1756, -76.582
1547.1821, -75.905
1547.1886, -76.434
1547.1951, -75.934
1547.2016, -80.311
1547.2081, -78.818
1547.2146, -82.871
1547.2211, -73.985
1547.2276,-210.000
1547.2341, -76.915
1547.2406, -76.738
1547.2471, -76.776
1547.2536, -76.164
1547.2601, -79.037
1547.2666, -77.586
1547.2731, -82.558
1547.2796, -80.627
1547.2861, -76.692
1547.2926, -79.532
1547.2991, -83.296
1547.3057, -75.995
1547.3122, -80.887
1547.3187, -78.199
1547.3252, -75.145
1547.3317, -81.916
1547.3382, -77.579
1547.3447, -75.753
1547.3512, -83.436
1547.3577, -77.355
1547.3642, -74.556
1547.3707,-210.000
1547.3772, -76.600
1547.3837, -77.880
1547.3902, -75.589
1547.3967, -76.652
1547.4032, -76.571
1547.4097, -78.196
1547.4162, -76.707
1547.4227, -78.372
1547.4292, -77.659
1547.4357, -81.698
1547.4422, -80.043
1547.4487, -78.755
1547.4552, -77.087
1547.4617, -80.411
1547.4682, -78.653
1547.4747, -81.243
1547.4812, -77.490
1547.4877, -77.856
1547.4942, -77.383
1547.5008, -76.257
1547.5073, -76.349
1547.5138, -77.735
1547.5203, -80.659
1547.5268, -75.824
1547.5333, -76.794
1547.5398, -80.061
1547.5463, -79.067
1547.5528, -81.111
1547.5593, -75.626
1547.5658, -77.329
1547.5723, -76.690
1547.5788, -78.266
1547.5853, -84.186
1547.5918, -76.467
1547.5983, -77.996
1547.6048, -78.357
1547.6113, -76.835
1547.6178, -78.724
1547.6243, -77.889
1547.6308, -76.157
1547.6373, -78.755
1547.6438, -77.738
1547.6503, -75.780
1547.6568, -78.902
1547.6633, -76.045
1547.6698, -75.237
1547.6763, -81.309
1547.6828, -82.572
1547.6893, -76.115
1547.6958, -76.874
1547.7024, -77.915
1547.7089, -78.700
1547.7154, -77.308
1547.7219, -82.849
1547.7284, -76.230
1547.7349, -79.648
1547.7414, -77.372
1547.7479, -77.516
1547.7544, -78.164
1547.7609, -79.369
1547.7674, -75.231
1547.7739, -75.978
1547.7804, -77.925
1547.7869, -75.828
1547.7934, -78.057
1547.7999, -75.678
1547.8064, -79.181
1547.8129, -76.986
1547.8194, -86.229
1547.8259, -76.939
1547.8324, -78.064
1547.8389, -78.497
1547.8454, -77.261
1547.8519, -79.323
1547.8584, -75.427
1547.8649, -78.667
1547.8714, -76.162
1547.8779, -76.864
1547.8844, -77.394
1547.8909, -76.623
1547.8974, -77.233
1547.9040, -76.748
1547.9105, -76.417
1547.9170, -81.309
1547.9235, -78.024
1547.9300, -79.691
1547.9365, -75.467
1547.9430, -76.802
1547.9495, -76.672
1547.9560, -81.537
1547.9625, -77.246
1547.9690, -80.339
1547.9755, -76.933
1547.9820, -75.264
1547.9885, -83.559
1547.9950, -75.967
1548.0015, -75.649
1548.0080, -76.315
1548.0145, -77.980
1548.0210, -79.018
1548.0275, -82.823
1548.0340, -76.162
1548.0405, -77.129
1548.0470, -77.006
1548.0535, -79.814
1548.0600, -81.305
1548.0665, -76.514
1548.0730, -75.043
1548.0795, -76.287
1548.0860, -76.622
1548.0925, -76.188
1548.0990, -78.130
1548.1056, -75.926
1548.1121, -78.046
1548.1186, -89.422
1548.1251, -75.418
1548.1316, -79.549
1548.1381, -76.535
1548.1446, -75.631
1548.1511, -76.742
1548.1576, -80.724
1548.1641, -75.751
1548.1706, -81.566
1548.1771, -81.216
1548.1836, -75.204
1548.1901, -76.643
1548.1966, -85.561
1548.2031, -85.667
1548.2096, -76.193
1548.2161, -76.432
1548.2226, -75.904
1548.2291, -78.643
1548.2356, -76.586
1548.2421, -79.857
1548.2486, -77.422
1548.2551, -76.295
1548.2616, -83.114
1548.2681, -77.071
1548.2746, -76.465
1548.2811, -75.984
1548.2876, -77.391
1548.2941, -78.195
1548.3007, -76.886
1548.3072, -77.293
1548.3137, -75.912
1548.3202, -79.593
1548.3267, -75.675
1548.3332, -79.603
1548.3397, -76.514
1548.3462, -75.705
1548.3527, -78.066
1548.3592, -77.291
1548.3657, -78.510
1548.3722, -76.323
1548.3787, -78.866
1548.3852, -77.616
1548.3917, -79.159
1548.3982, -76.630
1548.4047, -77.563
1548.4112, -78.880
1548.4177, -78.259
1548.4242, -78.209
1548.4307, -77.343
1548.4372, -82.297
1548.4437, -75.900
1548.4502, -78.196
1548.4567, -77.855
1548.4632, -75.646
1548.4697,-210.000
1548.4762, -76.809
1548.4827, -78.228
1548.4892, -75.953
1548.4957, -77.131
1548.5023,-210.000
1548.5088, -79.403
1548.5153, -78.158
1548.5218, -76.913
1548.5283, -78.498
1548.5348, -78.038
1548.5413, -79.659
1548.5478, -75.271
1548.5543, -76.258
1548.5608, -76.331
1548.5673, -82.216
1548.5738, -78.446
1548.5803, -79.010
1548.5868, -76.700
1548.5933, -76.637
1548.5998, -77.579
1548.6063, -81.635
1548.6128, -76.670
1548.6193, -76.397
1548.6258, -77.157
1548.6323, -75.934
1548.6388, -77.085
1548.6453, -78.002
1548.6518, -78.378
1548.6583, -76.640
1548.6648, -77.515
1548.6713, -76.930
1548.6778, -76.521
1548.6843, -78.940
1548.6908, -76.534
1548.6973, -79.743
1548.7039, -77.511
1548.7104, -78.674
1548.7169, -79.067
1548.7234, -76.248
1548.7299, -85.711
1548.7364, -78.947
1548.7429, -79.977
1548.7494, -76.778
1548.7559, -77.355
1548.7624, -76.456
1548.7689, -75.487
1548.7754, -81.173
1548.7819, -79.029
1548.7884, -78.619
1548.7949, -75.379
1548.8014, -77.298
1548.8079, -80.545
1548.8144, -76.106
1548.8209, -84.847
1548.8274, -75.533
1548.8339, -77.179
1548.8404, -75.991
1548.8469, -82.852
1548.8534, -75.834
1548.8599, -76.134
1548.8664, -77.415
1548.8729, -76.668
1548.8794, -77.283
1548.8859, -76.848
1548.8924, -79.793
1548.8989, -76.466
1548.9055, -76.945
1548.9120, -80.918
1548.9185, -75.869
1548.9250, -83.391
1548.9315, -76.556
1548.9380, -78.555
1548.9445,-210.000
1548.9510, -77.844
1548.9575, -77.175
1548.9640, -78.091
1548.9705, -79.011
1548.9770, -76.841
1548.9835, -81.518
1548.9900, -80.661
1548.9965, -76.342
1549.0030, -76.728
1549.0095, -79.005
1549.0160, -79.181
1549.0225, -77.219
1549.0290, -77.302
1549.0355, -76.448
1549.0420, -77.858
1549.0485, -80.197
1549.0550, -78.555
1549.0615, -79.211
1549.0680, -78.713
1549.0745, -76.886
1549.0810, -78.701
1549.0875, -77.674
1549.0940, -76.292
1549.1006, -77.552
1549.1071, -83.098
1549.1136, -78.348
1549.1201, -80.569
1549.1266, -77.229
1549.1331, -78.391
1549.1396, -78.838
1549.1461, -76.306
1549.1526, -77.965
1549.1591, -86.733
1549.1656, -77.548
1549.1721, -76.438
1549.1786, -78.810
1549.1851, -78.004
1549.1916, -75.711
1549.1981, -79.342
1549.2046, -75.831
1549.2111, -79.740
1549.2176, -83.584
1549.2241, -76.362
1549.2306, -78.940
1549.2371, -75.680
1549.2436, -81.283
1549.2501, -77.298
1549.2566, -77.723
1549.2631, -78.289
1549.2696, -75.593
1549.2761, -77.640
1549.2826, -81.153
1549.2891, -76.655
1549.2956, -76.554
1549.3022, -77.423
1549.3087, -77.216
1549.3152, -76.858
1549.3217, -78.901
1549.3282, -77.174
1549.3347, -81.299
1549.3412, -76.589
1549.3477, -76.833
1549.3542, -78.753
1549.3607, -84.375
1549.3672, -78.523
1549.3737, -75.133
1549.3802, -77.488
1549.3867, -81.948
1549.3932, -77.908
1549.3997, -78.015
1549.4062, -78.048
1549.4127, -77.395
1549.4192, -77.371
1549.4257, -76.618
1549.4322, -84.349
1549.4387, -76.766
1549.4452, -77.521
1549.4517, -76.845
1549.4582, -81.964
1549.4647, -77.578
1549.4712, -78.499
1549.4777, -75.267
1549.4842, -94.115
1549.4907, -79.122
1549.4972, -78.770
1549.5038, -78.029
1549.5103, -75.895
1549.5168, -78.757
1549.5233, -77.963
1549.5298, -77.862
1549.5363, -78.600
1549.5428, -78.359
1549.5493, -76.566
1549.5558, -79.151
1549.5623, -79.891
1549.5688, -76.794
1549.5753, -75.953
1549.5818, -74.667
1549.5883, -79.357
1549.5948, -76.383
1549.6013, -77.009
1549.6078, -77.961
1549.6143, -76.846
1549.6208, -78.079
1549.6273, -77.206
1549.6338, -77.865
1549.6403, -79.805
1549.6468, -75.842
1549.6533, -77.840
1549.6598, -79.653
1549.6663, -78.913
1549.6728, -80.253
1549.6793, -73.909
1549.6858, -77.478
1549.6923, -81.020
1549.6988, -76.972
1549.7054, -79.349
1549.7119, -75.718
1549.7184, -78.261
1549.7249, -76.701
1549.7314, -83.317
1549.7379, -76.276
1549.7444, -92.275
1549.7509, -76.171
1549.7574, -75.619
1549.7639, -79.520
1549.7704, -78.850
1549.7769, -76.558
1549.7834, -74.804
1549.7899,-210.000
1549.7964, -76.619
1549.8029, -78.693
1549.8094, -80.109
1549.8159, -77.314
1549.8224, -75.586
1549.8289, -77.082
1549.8354, -85.882
1549.8419, -78.350
1549.8484, -75.821
1549.8549, -80.228
1549.8614, -76.607
1549.8679, -78.679
1549.8744, -80.882
1549.8809, -76.915
1549.8874, -76.714
1549.8939, -81.600
1549.9005, -74.874
1549.9070, -76.429
1549.9135, -80.244
1549.9200, -75.568
1549.9265, -78.427
1549.9330, -82.671
1549.9395, -78.040
1549.9460, -77.884
1549.9525, -75.100
1549.9590, -80.239
1549.9655, -78.376
1549.9720, -82.511
1549.9785, -75.330
1549.9850, -79.906
1549.9915, -76.109
1549.9980, -76.571
1550.0045, -79.817
1550.0110, -77.897
1550.0175, -78.723
1550.0240, -75.837
1550.0305, -80.255
1550.0370, -76.608
1550.0435, -80.164
1550.0500, -77.414
1550.0565, -76.541
1550.0630, -75.878
1550.0695, -84.895
1550.0760, -75.674
1550.0825, -75.352
1550.0890, -77.298
1550.0955, -79.344
1550.1021, -75.668
1550.1086, -77.089
1550.1151, -78.845
1550.1216, -78.704
1550.1281, -79.141
1550.1346, -76.952
1550.1411, -98.171
1550.1476, -75.311
1550.1541, -77.130
1550.1606, -77.951
1550.1671, -75.873
1550.1736, -78.655
1550.1801, -76.828
1550.1866, -78.441
1550.1931, -78.114
1550.1996, -76.446
1550.2061, -76.249
1550.2126, -79.865
1550.2191, -76.405
1550.2256, -75.253
1550.2321, -78.111
1550.2386, -77.017
1550.2451, -81.497
1550.2516, -75.688
1550.2581, -76.010
1550.2646, -78.047
1550.2711, -83.941
1550.2776, -79.169
1550.2841, -77.767
1550.2906, -75.970
1550.2971, -77.365
1550.3037, -77.227
1550.3102, -79.619
1550.3167, -78.458
1550.3232, -77.492
1550.3297, -77.003
1550.3362, -76.469
1550.3427, -85.985
1550.3492, -76.067
1550.3557, -78.703
1550.3622, -74.894
1550.3687, -79.615
1550.3752, -78.392
1550.3817, -77.295
1550.3882, -79.633
1550.3947, -76.417
1550.4012, -83.331
1550.4077, -75.896
1550.4142, -80.154
1550.4207, -78.150
1550.4272, -76.426
1550.4337, -78.294
1550.4402, -76.998
1550.4467, -77.789
1550.4532, -82.633
1550.4597, -77.591
1550.4662, -77.605
1550.4727, -78.017
1550.4792,-210.000
1550.4857, -76.701
1550.4922, -76.773
1550.4987, -76.560
1550.5053, -78.202
1550.5118, -77.279
1550.5183, -80.148
1550.5248, -75.696
1550.5313, -76.572
1550.5378, -76.312
1550.5443, -77.829
1550.5508, -79.064
1550.5573, -76.281
1550.5638, -77.675
1550.5703, -82.935
1550.5768, -79.466
1550.5833, -76.833
1550.5898, -77.997
1550.5963, -77.591
1550.6028, -78.643
1550.6093, -78.895
1550.6158, -77.177
1550.6223, -77.684
1550.6288, -77.011
1550.6353, -78.035
1550.6418, -76.234
1550.6483, -77.005
1550.6548, -77.515
1550.6613, -91.785
1550.6678, -75.737
1550.6743, -81.072
1550.6808, -80.606
1550.6873, -85.986
1550.6938, -75.489
1550.7004, -83.847
1550.7069, -76.694
1550.7134, -75.135
1550.7199, -79.699
1550.7264, -77.783
1550.7329, -77.913
1550.7394, -77.815
1550.7459, -79.801
1550.7524, -77.156
1550.7589, -76.670
1550.7654, -78.274
1550.7719, -77.638
1550.7784, -77.869
1550.7849, -77.377
1550.7914, -79.019
1550.7979, -78.243
1550.8044, -77.297
1550.8109, -77.911
1550.8174, -78.357
1550.8239, -77.593
1550.8304, -78.967
1550.8369, -77.246
1550.8434, -75.912
1550.8499, -76.537
1550.8564, -80.276
1550.8629, -75.332
1550.8694, -82.509
1550.8759, -76.852
1550.8824, -77.542
1550.8889, -79.404
1550.8954, -76.824
1550.9020, -77.667
1550.9085, -75.979
1550.9150, -76.699
1550.9215, -77.486
1550.9280, -76.980
1550.9345, -76.702
1550.9410, -93.598
1550.9475, -76.077
1550.9540, -76.433
1550.9605, -79.318
1550.9670, -77.651
1550.9735, -76.875
1550.9800, -75.934
1550.9865, -77.155
1550.9930, -79.843
1550.9995, -77.182
1551.0060, -77.445
1551.0125, -77.313
1551.0190, -77.911
1551.0255, -89.298
1551.0320, -77.218
1551.0385, -75.656
1551.0450, -77.235
1551.0515, -77.828
1551.0580, -79.803
1551.0645, -79.330
1551.0710, -77.829
1551.0775, -75.819
1551.0840, -80.354
1551.0905, -78.423
1551.0970, -77.262
1551.1036, -77.307
1551.1101, -78.452
1551.1166, -75.977
1551.1231, -82.462
1551.1296, -78.719
1551.1361, -79.345
1551.1426, -78.333
1551.1491, -75.271
1551.1556, -78.831
1551.1621, -82.234
1551.1686, -77.964
1551.1751, -76.516
1551.1816, -81.862
1551.1881, -76.076
1551.1946, -79.210
1551.2011, -80.118
1551.2076, -75.568
1551.2141, -76.037
1551.2206, -77.013
1551.2271, -79.552
1551.2336, -79.225
1551.2401, -74.717
1551.2466, -76.833
1551.2531, -87.609
1551.2596, -77.258
1551.2661, -82.884
1551.2726, -77.419
1551.2791, -78.266
1551.2856, -76.875
1551.2921, -75.999
1551.2986, -83.272
1551.3052, -76.631
1551.3117, -78.981
1551.3182, -75.901
1551.3247, -77.302
1551.3312, -78.447
1551.3377, -77.857
1551.3442, -80.639
1551.3507, -76.567
1551.3572, -78.294
1551.3637, -77.287
1551.3702, -77.956
1551.3767, -81.112
1551.3832, -75.255
1551.3897, -76.509
1551.3962, -77.848
1551.4027, -80.047
1551.4092, -77.478
1551.4157, -79.421
1551.4222, -76.921
1551.4287, -78.619
1551.4352, -78.143
1551.4417, -76.630
1551.4482, -77.900
1551.4547, -74.854
1551.4612, -77.842
1551.4677, -79.364
1551.4742, -79.120
1551.4807, -76.732
1551.4872, -75.668
1551.4937, -77.232
1551.5003, -84.194
1551.5068, -77.317
1551.5133, -76.662
1551.5198, -77.823
1551.5263, -78.140
1551.5328, -80.610
1551.5393, -79.494
1551.5458, -76.039
1551.5523, -75.628
1551.5588, -77.523
1551.5653, -77.060
1551.5718, -80.058
1551.5783, -76.680
1551.5848, -79.471
1551.5913, -77.703
1551.5978, -77.379
1551.6043,-210.000
1551.6108, -75.958
1551.6173, -80.524
1551.6238, -74.812
1551.6303, -78.063
1551.6368, -79.532
1551.6433, -80.733
1551.6498, -75.167
1551.6563, -78.488
1551.6628, -76.865
1551.6693, -79.138
1551.6758, -77.910
1551.6823, -78.476
1551.6888, -75.445
1551.6953, -78.068
1551.7019, -78.211
1551.7084, -76.946
1551.7149, -76.616
1551.7214, -77.231
1551.7279, -78.114
1551.7344, -78.092
1551.7409, -77.941
1551.7474, -85.380
1551.7539, -77.742
1551.7604, -77.193
1551.7669, -82.171
1551.7734, -77.828
1551.7799, -76.251
1551.7864, -75.667
1551.7929, -77.977
1551.7994, -77.307
1551.8059, -76.787
1551.8124, -78.039
1551.8189, -83.323
1551.8254, -77.206
1551.8319, -78.807
1551.8384, -75.632
1551.8449, -79.676
1551.8514, -79.130
1551.8579, -74.464
1551.8644, -83.676
1551.8709, -93.626
1551.8774, -77.586
1551.8839, -80.439
1551.8904, -80.743
1551.8969, -75.543
1551.9035, -77.371
1551.9100, -82.677
1551.9165, -76.091
1551.9230, -74.729
1551.9295, -77.916
1551.9360, -76.497
1551.9425, -78.265
1551.9490, -80.806
1551.9555, -76.435
1551.9620, -76.742
1551.9685, -77.877
1551.9750, -78.191
1551.9815, -77.925
1551.9880, -80.856
1551.9945, -75.765
1552.0010, -77.388
1552.0075, -75.363
1552.0140, -79.360
1552.0205, -79.143
1552.0270, -76.249
1552.0335, -80.351
1552.0400, -77.970
1552.0465, -76.445
1552.0530, -79.231
1552.0595, -76.938
1552.0660, -80.119
1552.0725, -75.287
1552.0790, -81.218
1552.0855, -76.562
1552.0920, -82.423
1552.0985, -75.579
1552.1051, -77.126
1552.1116, -78.161
1552.1181, -79.764
1552.1246, -78.391
1552.1311, -75.994
1552.1376, -78.065
1552.1441, -78.262
1552.1506, -77.969
1552.1571, -77.329
1552.1636, -75.740
1552.1701, -78.515
1552.1766, -75.522
1552.1831, -81.304
1552.1896, -77.347
1552.1961, -79.556
1552.2026, -77.311
1552.2091, -77.845
1552.2156, -77.674
1552.2221, -83.372
1552.2286, -77.289
1552.2351, -75.846
1552.2416, -80.168
1552.2481, -79.637
1552.2546, -79.119
1552.2611, -76.928
1552.2676, -78.672
1552.2741, -77.580
1552.2806, -76.287
1552.2871, -82.789
1552.2936, -81.138
1552.3002, -76.274
1552.3067, -77.566
1552.3132, -77.816
1552.3197, -79.671
1552.3262, -76.281
1552.3327, -80.512
1552.3392, -77.521
1552.3457, -78.742
1552.3522, -76.058
1552.3587, -80.309
1552.3652, -76.910
1552.3717, -80.766
1552.3782, -76.804
1552.3847, -76.488
1552.3912, -83.471
1552.3977, -76.071
1552.4042, -75.086
1552.4107, -78.700
1552.4172, -87.412
1552.4237, -76.581
1552.4302, -75.493
1552.4367, -79.847
1552.4432, -77.785
1552.4497, -76.145
1552.4562, -95.586
1552.4627, -76.740
1552.4692, -76.142
1552.4757, -76.870
1552.4822, -75.773
1552.4887, -80.976
1552.4952, -78.925
1552.5018, -75.855
1552.5083, -79.274
1552.5148, -80.087
1552.5213, -82.495
1552.5278, -77.303
1552.5343, -77.851
1552.5408, -77.605
1552.5473, -77.587
1552.5538, -78.286
1552.5603, -79.902
1552.5668, -76.174
1552.5733, -77.354
1552.5798, -77.458
1552.5863, -77.485
1552.5928, -79.461
1552.5993, -80.604
1552.6058, -78.508
1552.6123, -77.479
1552.6188, -78.003
1552.6253, -81.030
1552.6318, -76.546
1552.6383, -75.971
1552.6448, -78.708
1552.6513, -77.895
1552.6578, -78.955
1552.6643, -82.093
1552.6708, -78.619
1552.6773, -77.225
1552.6838, -76.778
1552.6903,-210.000
1552.6968, -76.461
1552.7034, -81.483
1552.7099, -75.449
1552.7164, -85.560
1552.7229, -77.169
1552.7294, -76.926
1552.7359, -77.829
1552.7424, -75.997
1552.7489, -78.738
1552.7554, -78.903
1552.7619, -78.542
1552.7684, -77.783
1552.7749, -76.756
1552.7814, -76.405
1552.7879,-210.000
1552.7944, -78.496
1552.8009, -80.789
1552.8074, -79.068
1552.8139, -76.608
1552.8204, -76.172
1552.8269, -78.633
1552.8334, -76.336
1552.8399, -78.091
1552.8464, -76.649
1552.8529, -76.216
1552.8594, -80.526
1552.8659, -77.284
1552.8724, -76.310
1552.8789, -78.628
1552.8854, -77.948
1552.8919, -75.946
1552.8984, -80.915
1552.9050, -78.422
1552.9115, -76.728
1552.9180, -79.099
1552.9245, -75.316
1552.9310,-210.000
1552.9375, -78.920
1552.9440, -76.239
1552.9505, -76.885
1552.9570, -78.113
1552.9635, -79.532
1552.9700, -77.560
1552.9765, -79.473
1552.9830, -75.895
1552.9895, -76.780
1552.9960, -79.465
1553.0025, -77.104
1553.0090, -80.591
1553.0155, -77.625
1553.0220, -76.556
1553.0285, -77.334
1553.0350, -80.503
1553.0415, -76.993
1553.0480, -78.188
1553.0545, -76.719
1553.0610, -76.694
1553.0675, -75.948
1553.0740,-210.000
1553.0805, -75.629
1553.0870, -76.234
1553.0935, -78.194
1553.1001, -79.836
1553.1066, -80.081
1553.1131, -77.498
1553.1196, -77.361
1553.1261, -79.126
1553.1326, -76.830
1553.1391, -77.561
1553.1456, -79.423
1553.1521, -77.188
1553.1586, -79.223
1553.1651, -78.450
1553.1716, -84.404
1553.1781, -76.209
1553.1846, -76.316
1553.1911, -76.732
1553.1976, -79.893
1553.2041, -77.599
1553.2106, -77.955
1553.2171, -78.780
1553.2236, -78.085
1553.2301, -75.879
1553.2366, -79.631
1553.2431, -76.144
1553.2496, -74.706
1553.2561, -79.388
1553.2626, -75.639
1553.2691, -91.984
1553.2756, -76.418
1553.2821, -78.096
1553.2886, -75.403
1553.2951, -78.953
1553.3017, -75.013
1553.3082, -84.734
1553.3147, -79.209
1553.3212, -77.265
1553.3277, -78.111
1553.3342, -76.579
1553.3407, -77.195
1553.3472, -75.730
1553.3537, -76.452
1553.3602, -80.914
1553.3667, -76.673
1553.3732, -76.714
1553.3797,-210.000
1553.3862, -75.416
1553.3927, -78.176
1553.3992, -75.212
1553.4057, -78.651
1553.4122, -78.675
1553.4187, -76.557
1553.4252, -75.915
1553.4317, -80.993
1553.4382, -80.150
1553.4447, -81.073
1553.4512, -76.008
1553.4577, -76.569
1553.4642, -77.193
1553.4707, -76.756
1553.4772, -79.214
1553.4837, -75.401
1553.4902, -80.338
1553.4967, -76.228
1553.5033, -79.312
1553.5098, -84.329
1553.5163, -76.663
1553.5228, -75.176
1553.5293, -75.550
1553.5358, -79.940
1553.5423, -78.452
1553.5488, -83.431
1553.5553, -75.413
1553.5618, -75.575
1553.5683, -78.788
1553.5748, -79.333
1553.5813, -75.761
1553.5878, -78.030
1553.5943, -75.226
1553.6008, -83.324
1553.6073, -79.242
1553.6138, -78.208
1553.6203,-210.000
1553.6268, -75.922
1553.6333, -78.103
1553.6398, -80.219
1553.6463, -76.919
1553.6528, -77.623
1553.6593, -75.764
1553.6658, -76.253
1553.6723, -80.888
1553.6788,-210.000
1553.6853, -75.157
1553.6918, -77.887
1553.6983, -76.459
1553.7049, -79.408
1553.7114, -79.775
1553.7179, -79.123
1553.7244, -77.967
1553.7309, -77.179
1553.7374, -78.067
1553.7439, -78.484
1553.7504, -80.656
1553.7569, -75.741
1553.7634, -79.866
1553.7699, -74.257
1553.7764, -90.373
1553.7829, -78.141
1553.7894, -76.852
1553.7959, -77.513
1553.8024, -76.336
1553.8089, -76.006
1553.8154,-210.000
1553.8219, -75.186
1553.8284, -78.811
1553.8349, -82.109
1553.8414, -75.758
1553.8479, -78.154
1553.8544, -82.772
1553.8609, -76.937
1553.8674, -80.003
1553.8739, -78.768
1553.8804, -76.464
1553.8869, -78.707
1553.8934, -76.013
1553.8999, -75.966
1553.9065, -79.047
1553.9130, -75.310
1553.9195, -80.642
1553.9260, -79.021
1553.9325, -77.321
1553.9390, -76.162
1553.9455, -76.064
1553.9520, -85.349
1553.9585, -79.596
1553.9650, -77.681
1553.9715, -75.805
1553.9780,-210.000
1553.9845, -78.928
1553.9910, -75.881
1553.9975, -75.719
1554.0040, -78.105
1554.0105, -80.316
1554.0170, -80.129
1554.0235, -78.138
1554.0300, -76.269
1554.0365, -78.593
1554.0430, -76.511
1554.0495, -79.291
1554.0560, -77.450
1554.0625, -75.388
1554.0690, -81.693
1554.0755, -77.118
1554.0820, -80.861
1554.0885, -81.071
1554.0950, -77.171
1554.1016, -76.180
1554.1081, -79.375
1554.1146, -76.913
1554.1211, -77.292
1554.1276, -78.302
1554.1341, -76.024
1554.1406, -79.833
1554.1471, -77.556
1554.1536, -77.006
1554.1601, -80.001
1554.1666, -78.095
1554.1731, -78.712
1554.1796, -76.259
1554.1861, -75.815
1554.1926, -88.579
1554.1991, -76.109
1554.2056, -77.460
1554.2121, -76.823
1554.2186, -84.416
1554.2251, -76.569
1554.2316, -79.474
1554.2381, -75.847
1554.2446, -76.902
1554.2511, -80.443
1554.2576, -77.663
1554.2641, -77.542
1554.2706, -77.022
1554.2771, -78.762
1554.2836, -77.606
1554.2901, -77.790
1554.2966, -77.324
1554.3032, -78.430
1554.3097, -75.385
1554.3162, -78.343
1554.3227, -80.285
1554.3292, -77.446
1554.3357, -77.681
1554.3422, -75.165
1554.3487, -78.358
1554.3552, -79.595
1554.3617, -76.944
1554.3682, -75.920
1554.3747, -76.858
1554.3812, -77.554
1554.3877, -77.872
1554.3942, -79.290
1554.4007, -75.719
1554.4072, -78.256
1554.4137, -76.174
1554.4202,-210.000
1554.4267, -76.159
1554.4332, -76.682
1554.4397, -76.839
1554.4462, -79.779
1554.4527, -79.502
1554.4592, -76.378
1554.4657, -79.833
1554.4722, -76.342
1554.4787, -82.660
1554.4852, -77.266
1554.4917, -77.440
1554.4982, -75.913
1554.5048, -77.844
1554.5113, -80.212
1554.5178, -78.415
1554.5243, -77.492
1554.5308, -78.461
1554.5373, -76.796
1554.5438, -76.064
1554.5503, -77.302
1554.5568, -76.753
1554.5633, -79.753
1554.5698, -78.651
1554.5763, -75.553
1554.5828, -83.904
1554.5893, -78.756
1554.5958, -83.911
1554.6023, -77.459
1554.6088, -74.986
1554.6153, -75.600
1554.6218, -77.846
1554.6283, -79.374
1554.6348, -76.764
1554.6413, -75.370
1554.6478, -77.510
1554.6543, -79.008
1554.6608,-210.000
1554.6673, -75.762
1554.6738, -78.789
1554.6803, -80.648
1554.6868, -77.703
1554.6933, -78.965
1554.6998, -77.561
1554.7064, -76.628
1554.7129, -77.652
1554.7194, -75.132
1554.7259, -87.771
1554.7324, -77.929
1554.7389, -75.854
1554.7454, -76.271
1554.7519, -75.679
1554.7584,-210.000
1554.7649, -76.894
1554.7714, -76.034
1554.7779, -75.989
1554.7844, -78.183
1554.7909, -79.544
1554.7974, -78.264
1554.8039, -78.289
1554.8104, -78.007
1554.8169, -76.008
1554.8234, -76.702
1554.8299, -79.509
1554.8364, -80.047
1554.8429, -74.724
1554.8494, -81.291
1554.8559, -81.452
1554.8624, -78.528
1554.8689, -81.034
1554.8754, -76.407
1554.8819, -77.235
1554.8884, -76.762
1554.8949, -83.390
1554.9015, -77.630
1554.9080, -77.585
1554.9145, -76.756
1554.9210, -79.527
1554.9275, -77.843
1554.9340, -81.366
1554.9405, -77.705
1554.9470, -77.299
1554.9535, -77.230
1554.9600, -79.463
1554.9665, -78.878
1554.9730, -76.366
1554.9795, -80.759
1554.9860, -77.531
1554.9925, -97.148
1554.9990, -77.328
1555.0055, -75.730
1555.0120, -77.858
1555.0185, -76.616
1555.0250, -80.762
1555.0315, -77.036
1555.0380, -77.622
1555.0445, -74.127
1555.0510, -76.740
1555.0575, -76.757
1555.0640, -85.151
1555.0705, -74.602
1555.0770, -80.485
1555.0835, -75.948
1555.0900, -76.279
1555.0965, -87.770
1555.1031, -74.884
1555.1096, -76.357
1555.1161, -76.141
1555.1226, -79.104
1555.1291, -82.389
1555.1356, -76.646
1555.1421, -80.753
1555.1486, -74.810
1555.1551, -79.153
1555.1616, -76.932
1555.1681, -81.082
1555.1746, -76.246
1555.1811, -76.258
1555.1876, -77.187
1555.1941, -76.594
1555.2006, -82.449
1555.2071, -77.224
1555.2136, -74.949
1555.2201, -78.013
1555.2266, -76.740
1555.2331, -77.481
1555.2396, -82.241
1555.2461, -75.957
1555.2526, -76.742
1555.2591, -79.086
1555.2656, -74.480
1555.2721, -80.692
1555.2786, -76.823
1555.2851, -76.481
1555.2916, -79.601
1555.2981, -79.819
1555.3047, -76.604
1555.3112, -77.554
1555.3177, -76.148
1555.3242, -75.459
1555.3307, -77.533
1555.3372, -75.938
1555.3437, -78.874
1555.3502, -78.488
1555.3567, -76.471
1555.3632, -78.419
1555.3697, -77.407
1555.3762, -74.558
1555.3827, -88.757
1555.3892, -76.593
1555.3957, -75.972
1555.4022, -79.259
1555.4087, -85.219
1555.4152, -77.183
1555.4217, -75.694
1555.4282, -76.040
1555.4347, -77.891
1555.4412, -76.385
1555.4477, -74.894
1555.4542, -77.588
1555.4607, -78.576
1555.4672, -76.946
1555.4737, -79.904
1555.4802, -74.924
1555.4867, -77.996
1555.4932, -78.209
1555.4997, -76.067
1555.5063, -80.235
1555.5128, -78.419
1555.5193, -77.178
1555.5258, -80.856
1555.5323, -82.101
1555.5388, -75.011
1555.5453, -78.789
1555.5518, -76.696
1555.5583, -78.623
1555.5648, -76.417
1555.5713, -77.410
1555.5778, -78.304
1555.5843,-210.000
1555.5908, -73.563
1555.5973, -78.564
1555.6038, -80.062
1555.6103, -76.448
1555.6168, -78.696
1555.6233, -77.797
1555.6298, -77.458
1555.6363, -79.725
1555.6428, -78.119
1555.6493, -78.892
1555.6558, -74.716
1555.6623, -77.564
1555.6688, -78.387
1555.6753, -77.977
1555.6818, -77.378
1555.6883, -76.724
1555.6948, -78.886
1555.7014, -75.589
1555.7079, -77.314
1555.7144, -78.903
1555.7209, -75.319
1555.7274, -76.791
1555.7339, -78.651
1555.7404, -76.505
1555.7469, -77.633
1555.7534, -77.018
1555.7599, -74.539
1555.7664, -78.135
1555.7729, -77.184
1555.7794, -77.132
1555.7859, -78.358
1555.7924, -75.833
1555.7989, -80.790
1555.8054, -76.979
1555.8119, -78.662
1555.8184, -75.044
1555.8249, -77.115
1555.8314, -77.042
1555.8379, -81.622
1555.8444, -76.776
1555.8509, -77.292
1555.8574, -78.452
1555.8639, -74.846
1555.8704, -78.067
1555.8769, -77.507
1555.8834, -79.735
1555.8899, -77.618
1555.8964, -75.500
1555.9030, -76.798
1555.9095, -76.436
1555.9160, -79.430
1555.9225, -78.587
1555.9290, -74.861
1555.9355, -77.670
1555.9420, -82.172
1555.9485, -76.907
1555.9550, -77.415
1555.9615, -79.279
1555.9680, -75.256
1555.9745, -78.023
1555.9810, -80.564
1555.9875, -81.542
1555.9940, -76.652
1556.0005, -79.819
1556.0070, -76.561
1556.0135, -76.388
1556.0200, -76.990
1556.0265, -76.272
1556.0330, -78.325
1556.0395, -77.414
1556.0460, -77.237
1556.0525, -84.069
1556.0590, -76.315
1556.0655, -76.840
1556.0720, -87.217
1556.0785, -81.036
1556.0850, -76.973
1556.0915, -77.628
1556.0980, -77.754
1556.1046, -77.227
1556.1111, -78.900
1556.1176, -79.777
1556.1241, -76.930
1556.1306, -76.609
1556.1371, -76.243
1556.1436, -76.959
1556.1501, -79.337
1556.1566, -76.654
1556.1631, -77.220
1556.1696, -77.795
1556.1761, -77.384
1556.1826, -79.846
1556.1891, -75.463
1556.1956, -77.887
1556.2021, -76.044
1556.2086, -77.919
1556.2151, -78.756
1556.2216, -78.022
1556.2281, -76.470
1556.2346, -75.473
1556.2411, -81.890
1556.2476, -76.887
1556.2541, -80.612
1556.2606, -75.009
1556.2671, -79.258
1556.2736, -75.697
1556.2801, -77.463
1556.2866, -76.719
1556.2931, -77.593
1556.2996, -75.944
1556.3062, -76.093
1556.3127,-210.000
1556.3192, -75.297
1556.3257, -77.173
1556.3322, -76.275
1556.3387, -78.639
1556.3452, -77.856
1556.3517, -84.299
1556.3582, -75.621
1556.3647, -75.478
1556.3712, -78.462
1556.3777, -77.597
1556.3842, -77.812
1556.3907, -78.112
1556.3972, -76.079
1556.4037, -76.595
1556.4102, -75.005
1556.4167, -81.096
1556.4232, -79.967
1556.4297, -77.605
1556.4362, -75.044
1556.4427, -82.816
1556.4492, -78.088
1556.4557, -82.054
1556.4622, -80.381
1556.4687, -74.281
1556.4752, -77.728
1556.4817, -77.701
1556.4882, -77.087
1556.4947, -78.494
1556.5013, -76.775
1556.5078, -76.909
1556.5143, -79.350
1556.5208, -79.419
1556.5273, -76.995
1556.5338, -77.287
1556.5403, -75.437
1556.5468, -86.646
1556.5533, -75.276
1556.5598, -77.357
1556.5663, -76.645
1556.5728, -77.081
1556.5793, -77.656
1556.5858, -80.017
1556.5923, -75.797
1556.5988, -77.088
1556.6053, -76.469
1556.6118, -76.432
1556.6183, -77.297
1556.6248, -77.293
1556.6313, -76.749
1556.6378, -77.220
1556.6443, -77.936
1556.6508, -81.512
1556.6573, -75.813
1556.6638, -79.849
1556.6703, -75.697
1556.6768, -78.401
1556.6833, -77.359
1556.6898, -76.168
1556.6963, -80.258
1556.7029, -76.689
1556.7094, -75.887
1556.7159, -78.988
1556.7224, -78.913
1556.7289, -76.467
1556.7354, -83.259
1556.7419, -74.942
1556.7484, -77.244
1556.7549, -77.935
1556.7614, -77.524
1556.7679, -75.726
1556.7744, -75.757
1556.7809, -76.979
1556.7874,-210.000
1556.7939, -76.310
1556.8004, -79.649
1556.8069, -76.006
1556.8134, -77.913
1556.8199, -77.571
1556.8264, -80.107
1556.8329, -74.594
1556.8394, -77.364
1556.8459, -78.940
1556.8524, -78.264
1556.8589, -80.428
1556.8654, -76.695
1556.8719, -77.280
1556.8784, -78.020
1556.8849, -77.568
1556.8914, -78.857
1556.8979, -81.670
1556.9045, -77.564
1556.9110, -77.177
1556.9175, -77.185
1556.9240, -76.668
1556.9305, -77.042
1556.9370, -76.566
1556.9435, -76.549
1556.9500, -84.753
1556.9565, -76.119
1556.9630, -76.206
1556.9695, -78.911
1556.9760, -75.948
1556.9825, -76.147
1556.9890, -78.226
1556.9955, -78.713
1557.0020, -78.793
1557.0085, -77.269
1557.0150, -77.704
1557.0215, -77.135
1557.0280, -78.042
1557.0345, -78.721
1557.0410, -76.531
1557.0475, -76.413
1557.0540,-210.000
1557.0605, -78.213
1557.0670, -77.671
1557.0735, -79.045
1557.0800, -77.565
1557.0865, -74.958
1557.0930, -78.651
1557.0995, -76.773
1557.1061, -76.252
1557.1126, -76.947
1557.1191, -79.017
1557.1256, -77.750
1557.1321, -79.913
1557.1386, -76.991
1557.1451, -78.808
1557.1516, -77.583
1557.1581, -77.152
1557.1646, -79.098
1557.1711, -80.892
1557.1776, -76.704
1557.1841, -75.598
1557.1906, -78.694
1557.1971, -76.901
1557.2036, -83.035
1557.2101, -75.293
1557.2166, -76.957
1557.2231, -79.513
1557.2296, -76.135
1557.2361, -77.373
1557.2426, -77.795
1557.2491, -76.951
1557.2556, -78.000
1557.2621, -79.940
1557.2686, -77.074
1557.2751, -80.530
1557.2816, -78.171
1557.2881, -77.618
1557.2946, -79.810
1557.3012, -76.376
1557.3077, -75.609
1557.3142, -76.941
1557.3207, -80.873
1557.3272, -76.632
1557.3337, -78.180
1557.3402, -78.195
1557.3467, -76.902
1557.3532, -77.449
1557.3597, -76.917
1557.3662, -80.768
1557.3727, -76.973
1557.3792, -75.223
1557.3857, -79.351
1557.3922, -81.131
1557.3987, -81.120
1557.4052, -77.488
1557.4117, -75.624
1557.4182, -77.009
1557.4247, -81.633
1557.4312, -76.718
1557.4377, -81.089
1557.4442, -74.978
1557.4507, -80.509
1557.4572, -77.012
1557.4637, -79.024
1557.4702, -77.572
1557.4767, -75.328
1557.4832, -80.509
1557.4897, -75.429
1557.4962, -78.122
1557.5028, -78.427
1557.5093, -75.455
1557.5158, -77.636
1557.5223, -77.361
1557.5288, -78.981
1557.5353, -76.023
1557.5418, -80.853
1557.5483, -77.080
1557.5548, -76.157
1557.5613,-210.000
1557.5678, -78.677
1557.5743, -77.838
1557.5808, -75.297
1557.5873, -81.178
1557.5938, -77.703
1557.6003, -77.653
1557.6068, -79.408
1557.6133, -76.833
1557.6198, -78.260
1557.6263, -76.880
1557.6328, -79.082
1557.6393, -76.536
1557.6458, -77.159
1557.6523, -77.740
1557.6588, -77.116
1557.6653, -79.305
1557.6718, -79.701
1557.6783, -76.450
1557.6848, -77.095
1557.6913, -77.622
1557.6978, -79.588
1557.7044, -76.416
1557.7109, -75.736
1557.7174, -77.050
1557.7239, -75.615
1557.7304, -81.596
1557.7369, -75.872
1557.7434, -80.530
1557.7499, -78.506
1557.7564, -76.953
1557.7629, -77.235
1557.7694, -76.598
1557.7759, -79.526
1557.7824, -75.110
1557.7889, -77.675
1557.7954, -85.647
1557.8019, -77.022
1557.8084, -76.596
1557.8149, -78.108
1557.8214, -77.508
1557.8279, -79.364
1557.8344, -78.975
1557.8409, -77.842
1557.8474, -77.434
1557.8539, -78.160
1557.8604, -76.208
1557.8669, -83.460
1557.8734, -76.670
1557.8799, -75.471
1557.8864, -79.511
1557.8929, -77.161
1557.8994, -79.633
1557.9060, -78.293
1557.9125, -76.745
1557.9190, -77.386
1557.9255, -78.901
1557.9320, -77.657
1557.9385,-210.000
1557.9450, -79.401
1557.9515, -76.393
1557.9580, -79.677
1557.9645, -76.824
1557.9710, -79.212
1557.9775, -77.387
1557.9840, -76.914
1557.9905, -76.447
1557.9970, -80.453
1558.0035, -76.667
1558.0100, -81.320
1558.0165, -75.580
1558.0230, -77.000
1558.0295, -77.635
1558.0360, -75.193
1558.0425, -77.063
1558.0490, -79.537
1558.0555, -78.484
1558.0620, -77.696
1558.0685, -81.091
1558.0750, -74.943
1558.0815, -75.409
1558.0880, -80.577
1558.0945, -77.786
1558.1011, -75.976
1558.1076, -77.506
1558.1141, -76.943
1558.1206, -76.692
1558.1271, -76.737
1558.1336, -77.655
1558.1401, -78.957
1558.1466, -76.951
1558.1531, -76.574
1558.1596, -77.966
1558.1661, -76.317
1558.1726, -82.825
1558.1791, -75.347
1558.1856, -77.611
1558.1921, -75.974
1558.1986, -80.127
1558.2051, -85.248
1558.2116, -78.220
1558.2181, -79.036
1558.2246, -76.858
1558.2311, -78.732
1558.2376, -77.406
1558.2441, -76.296
1558.2506, -77.040
1558.2571, -79.275
1558.2636, -76.353
1558.2701, -86.882
1558.2766, -77.748
1558.2831, -79.364
1558.2896, -79.069
1558.2961, -74.949
1558.3027, -82.268
1558.3092, -77.643
1558.3157, -76.917
1558.3222, -76.658
1558.3287, -76.468
1558.3352, -79.356
1558.3417, -80.440
1558.3482, -76.653
1558.3547, -78.064
1558.3612, -77.364
1558.3677, -77.765
1558.3742, -75.428
1558.3807, -77.317
1558.3872, -76.842
1558.3937, -80.179
1558.4002, -77.416
1558.4067, -77.436
1558.4132, -76.874
1558.4197, -77.233
1558.4262, -75.871
1558.4327, -80.487
1558.4392, -77.894
1558.4457, -77.610
1558.4522, -76.992
1558.4587, -77.962
1558.4652, -77.672
1558.4717, -81.237
1558.4782, -75.949
1558.4847, -76.895
1558.4912, -80.683
1558.4977, -75.227
1558.5043, -77.211
1558.5108, -77.838
1558.5173, -77.103
1558.5238, -78.423
1558.5303, -77.545
1558.5368, -75.959
1558.5433, -79.400
1558.5498, -76.939
1558.5563, -76.306
1558.5628, -79.253
1558.5693, -78.627
1558.5758, -76.395
1558.5823, -77.264
1558.5888, -77.164
1558.5953, -77.490
1558.6018, -77.830
1558.6083, -78.279
1558.6148, -75.607
1558.6213, -77.878
1558.6278, -79.411
1558.6343,-210.000
1558.6408, -75.284
1558.6473, -76.096
1558.6538, -79.816
1558.6603, -81.546
1558.6668, -76.011
1558.6733, -81.412
1558.6798, -79.939
1558.6863, -79.754
1558.6928, -77.136
1558.6993, -75.235
1558.7059, -82.764
1558.7124, -77.677
1558.7189, -75.935
1558.7254, -76.755
1558.7319, -78.348
1558.7384, -80.030
1558.7449, -77.032
1558.7514, -76.579
1558.7579, -75.372
1558.7644, -79.704
1558.7709, -77.159
1558.7774, -75.740
1558.7839, -79.462
1558.7904, -76.308
1558.7969, -75.538
1558.8034, -78.747
1558.8099, -79.205
1558.8164, -77.056
1558.8229, -77.204
1558.8294, -76.906
1558.8359, -76.304
1558.8424, -83.813
1558.8489, -77.808
1558.8554, -77.153
1558.8619, -76.478
1558.8684, -78.008
1558.8749, -76.074
1558.8814, -76.580
1558.8879, -78.057
1558.8944, -78.075
1558.9010, -79.748
1558.9075, -79.600
1558.9140, -78.933
1558.9205, -77.705
1558.9270, -76.329
1558.9335, -78.745
1558.9400, -77.639
1558.9465, -76.219
1558.9530, -80.432
1558.9595, -76.125
1558.9660, -75.699
1558.9725, -76.810
1558.9790,-102.145
1558.9855, -79.441
1558.9920, -79.585
1558.9985, -76.788
1559.0050, -77.968
1559.0115, -75.514
1559.0180, -79.275
1559.0245, -77.057
1559.0310, -76.306
1559.0375, -80.239
1559.0440, -93.307
1559.0505, -77.934
1559.0570, -75.784
1559.0635, -80.135
1559.0700, -75.396
1559.0765, -85.088
1559.0830, -75.960
1559.0895, -79.858
1559.0960, -78.164
1559.1026, -77.212
1559.1091, -78.255
1559.1156, -78.387
1559.1221, -78.019
1559.1286, -76.333
1559.1351, -84.298
1559.1416, -76.426
1559.1481, -76.328
1559.1546, -92.617
1559.1611, -76.911
1559.1676, -76.199
1559.1741, -79.443
1559.1806, -77.837
1559.1871, -77.397
1559.1936, -74.402
1559.2001, -76.012
1559.2066, -78.907
1559.2131, -76.436
1559.2196, -75.725
1559.2261, -80.119
1559.2326, -75.535
1559.2391, -76.817
1559.2456, -76.945
1559.2521, -79.469
1559.2586, -77.230
1559.2651, -76.813
1559.2716, -80.150
1559.2781, -77.135
1559.2846, -76.833
1559.2911, -77.084
1559.2976, -78.868
1559.3042, -76.120
1559.3107, -75.893
1559.3172, -77.096
1559.3237, -79.589
1559.3302, -82.140
1559.3367, -77.128
1559.3432, -81.892
1559.3497, -81.268
1559.3562, -75.091
1559.3627, -76.468
1559.3692, -78.393
1559.3757, -78.744
1559.3822, -78.295
1559.3887, -75.496
1559.3952, -76.916
1559.4017, -76.210
1559.4082, -77.931
1559.4147, -76.986
1559.4212, -79.117
1559.4277, -75.685
1559.4342, -76.170
1559.4407, -78.253
1559.4472, -76.571
1559.4537, -76.679
1559.4602, -76.429
1559.4667, -76.435
1559.4732, -76.114
1559.4797, -82.086
1559.4862, -81.244
1559.4927, -76.863
1559.4992, -80.152
1559.5058, -77.852
1559.5123, -79.036
1559.5188, -76.123
1559.5253, -85.067
1559.5318, -76.570
1559.5383, -77.050
1559.5448, -77.613
1559.5513, -77.142
1559.5578, -77.536
1559.5643, -77.854
1559.5708, -76.922
1559.5773, -76.766
1559.5838, -76.030
1559.5903, -78.935
1559.5968, -76.279
1559.6033, -79.109
1559.6098, -77.544
1559.6163, -79.457
1559.6228, -78.037
1559.6293, -78.031
1559.6358, -75.103
1559.6423, -76.585
1559.6488, -83.811
1559.6553, -78.502
1559.6618, -77.921
1559.6683, -76.136
1559.6748, -76.608
1559.6813, -82.618
1559.6878, -78.279
1559.6943, -76.315
1559.7009, -77.306
1559.7074, -76.366
1559.7139, -80.058
1559.7204, -74.870
1559.7269, -76.523
1559.7334, -80.716
1559.7399, -76.512
1559.7464, -78.528
1559.7529, -75.038
1559.7594, -77.059
1559.7659, -75.615
1559.7724, -74.791
1559.7789, -78.247
1559.7854, -77.586
1559.7919, -75.432
1559.7984, -77.990
1559.8049, -81.857
1559.8114, -76.289
1559.8179, -82.484
1559.8244, -76.108
1559.8309, -76.244
1559.8374, -78.081
1559.8439, -79.778
1559.8504, -78.946
1559.8569, -81.287
1559.8634, -75.464
1559.8699, -77.697
1559.8764, -79.512
1559.8829, -76.332
1559.8894, -77.997
1559.8959, -76.005
1559.9025, -77.933
1559.9090, -76.733
1559.9155, -83.231
1559.9220, -75.990
1559.9285, -76.188
1559.9350, -77.307
1559.9415, -78.091
1559.9480, -82.128
1559.9545, -79.619
1559.9610, -78.804
1559.9675, -75.602
1559.9740, -78.062
1559.9805, -77.339
1559.9870, -77.715
1559.9935, -78.046
1560.0000, -74.976

